Date,Site,Sample,TOC,UV254,Temperature,pH,Turbidity,Br,EC,BOD,COD,DO,SS,NH3-N,Biopolymer,HS,BB,LMWN,THMFP,HAAFP
17-May,M1,안동호,2.4,0.040266213,11,7.1,0.356,0.0126306,214,1.5,3.9,9.5,1.6,0.09,231.334,841.755,547.048,251.464,0.057,0.058
17-May,M2,임하호,3.4,0.096795284,14,7.2,1.556,0.0118353,196,1.4,4.9,9.3,1,0.005,146.722,1649.28,853.371,321.339,0.1,0.154
17-May,M3,예천,2,0.048397642,25,7.55,0.6652,0.0151245,231,1.5,3.4,9.3,6.8,0.005,98.838,872.904,515.621,217.248,0.049,0.065
17-May,M4,상주,2.2,0.047772147,25,8.1,1.003,0.018984,250,1.2,3.4,9.9,2,0.01,143.282,862.674,564.249,264.575,0.051,0.076
17-May,M5,낙단보,2.2,0.054887148,25,7.88,0.785,0.0235468,320,1.3,3.7,7.4,3.4,0.04,133.194,913.082,593.398,267.411,0.07,0.07
17-May,M6,해평,2.3,0.055903577,21,8.2,3.225,0.0228568,425,1.5,3.4,10.3,8.2,0.005,129.986,891.187,587.401,263.04,0.06,0.082
17-May,M7,구미,2.5,0.060360226,23,7.22,2.325,0.0443136,313,1.4,3.7,10.2,1.2,0.03,221.757,967.91,650.256,312.971,0.067,0.077
17-May,M8,왜관,2.5,0.06075116,22.8,6.96,2.412,0.0615759,402,2,3.6,8.7,2.2,0.08,194.979,924.169,656.95,358.624,0.065,0.058
17-May,M9,고령원수,2.3,0.047772147,20,8,1.32,0.0435747,366,2,3.4,11.2,1.8,0.005,154.626,951.686,449.698,273.082,0.065,0.074
17-May,M10,달성,2.4,0.050508686,23.1,7.22,1.625,0.0429618,329,1.6,3.5,9.6,1.4,0.01,193.491,877.277,540.632,262.947,0.065,0.046
17-May,M11,고령,3.3,0.083190777,24,6.89,10.338,0.0826217,536,1.2,5.6,10.3,1.8,0.16,332.032,1165.286,936.309,451.464,0.083,0.069
17-May,M12,용산,2.4,0.055747203,24.7,8.46,4.685,0.0536476,366,1.8,3.5,11.3,2.4,0.06,276.197,921.587,688.331,336.495,0.055,0.072
17-May,M13,남지,2.4,0.050039565,24.5,8.38,6.338,0.0622027,366,1,1.9,10.7,1.8,0.11,325.616,894.109,713.761,414.458,0.069,0.064
17-May,M14,반송원수,2.2,0.056685445,27.4,7.4,3.201,0.0640955,418,0.7,2.7,8.3,3.4,0.005,143.003,819.436,583.868,670.804,0.067,0.075
17-May,M15,삼량진,2.1,0.050274126,23.4,7.4,5.639,0.0534902,309,1.2,4.2,8.7,1,0.12,164.11,728.099,539.052,1198.559,0.068,0.083
17-May,M16,물금,2.4,0.056138137,24.2,7.22,5.352,0.0628922,410,2,3.8,8.9,2,0.005,258.205,888.597,624.872,697.675,0.065,0.087
17-May,M17,구포,2.6,0.051134181,23.7,8.21,2.895,0.0729189,407,1.4,3.1,10.2,6.8,0.05,190.051,864.16,664.575,911.855,0.08,0.097
17-May,M18,하구둑,2.7,0.056607258,19.3,8.9,2.721,0.2787467,512,1.3,4.7,8.8,2.2,0.13,302.185,959.759,770.06,303.952,0.101,0.069
17-May,T1,위천6,3.8,0.084519953,24.7,8.67,1.0398,0.0289825,248,1.3,5.1,11.5,4.4,0.16,252.766,1314.49,830.404,344.956,0.093,0.111
17-May,T2,감천2-1,2,0.047381213,26.5,8.83,3.569,0.0349022,255,1.3,2.5,10.5,6,0.01,82.38,683.249,500.883,248.35,0.048,0.076
17-May,T3,금호강6,4.2,0.12861732,25.1,7.96,9.662,0.1237012,925,1.9,6.8,13.4,5,0.13,300.883,1543.554,1202.975,631.055,0.081,0.147
17-May,T4,회천2-1,3,0.08631825,23.4,8.64,8.692,0.0766224,450,1.3,4.5,11.8,1.4,0.07,329.754,1165.904,928.963,494.142,0.085,0.07
17-May,T5,황강5,1.3,0.033385772,19.8,6.78,3.226,0.0130287,135,1.4,2.9,9.2,9.8,0.005,99.628,535.259,388.842,122.315,0.035,0.051
17-May,T6,밀양강3,1.6,0.034480388,24.7,7.72,0.998,0.0202332,212,2.5,4.5,10.3,5.4,0.07,163.877,575.271,386.378,666.388,0.054,0.075
17-Jun,M1,안동호,2.5,0.040109839,11,7.5,0.23,0.015,295,0.7,4.3,9.1,0.4,0.02,322.315,851.203,600.651,371.548,0.056,0.072
17-Jun,M2,임하호,3.4,0.086865558,14,7.3,1.21,0.015,184,0.4,5.3,8.7,0.6,0.01,321.525,1703.112,937.285,505.393,0.111,0.129
17-Jun,M3,예천,2.3,0.058874676,21.1,7.29,0.74,0.01,261,0.6,4.6,9,0.6,0.06,237.657,1146.657,566.388,238.633,0.086,0.094
17-Jun,M4,상주,2.5,0.056450885,23.9,8.59,1.09,0.014,321,1,4.7,10.1,1.6,0.08,181.543,1082.797,648.489,609.53,0.085,0.11
17-Jun,M5,낙단보,2.9,0.068882589,24.4,8.73,0.53,0.024,343,0.7,5.2,9.3,2.2,0.005,266.899,1210.799,799.442,546.165,0.083,0.116
17-Jun,M6,해평,3,0.058014621,24,7.7,4.5,0.021,277,1.4,5.3,9.1,0.8,0.005,211.948,1066.825,814.505,446.211,0.093,0.118
17-Jun,M7,구미,3.2,0.072088249,25.1,8.72,2.32,0.043,543,1.4,5.4,9.8,0.6,0.03,283.682,1121.797,860.344,411.762,0.095,0.127
17-Jun,M8,왜관,3.2,0.073651985,25.8,8.77,2.88,0.085,441,1.3,5.6,9.1,1.2,0.02,279.73,1145.592,857.369,507.299,0.092,0.111
17-Jun,M9,고령원수,2.8,0.061923962,23,7.9,4.03,0.077,378,0.8,4.7,9.5,1,0.005,150.116,1034.379,712.878,1072.757,0.044,0.089
17-Jun,M10,달성,3.7,0.073886546,26.6,9.3,1.78,0.105,578,3.6,7.8,11.6,5.2,0.24,733.891,1294.929,732.589,412.18,0.195,0.111
17-Jun,M11,고령,3.9,0.074042919,26.4,9.27,11,0.093,575,1.5,6.7,11.7,3.2,0.15,465.783,1130.736,1026.267,1208.601,0.078,0.144
17-Jun,M12,용산,3.2,0.078499568,27.5,9.37,5.32,0.072,481,2.2,6.6,12.5,2.8,0.19,369.456,1058.786,898.652,605.997,0.151,0.131
17-Jun,M13,남지,3.3,0.071306381,28.8,9.51,5.69,0.08,395,1.5,3.6,12.3,4.4,0.28,391.306,1010.022,785.542,461.134,0.133,0.129
17-Jun,M14,반송원수,2.9,0.062158523,24.2,8.3,6.34,0.092,414,1.1,3.9,8.2,20.2,0.03,119.247,943.122,649.14,304.51,0.131,0.157
17-Jun,M15,삼량진,3.1,0.066224237,25.8,9.06,7.64,0.08,406,0.9,3.9,10.4,2.4,0.07,314.412,939.279,804.649,947.234,0.093,0.112
17-Jun,M16,물금,3.2,0.064816874,25.4,9.11,8.22,0.078,491,1.9,4.2,9.4,4.2,0.1,318.689,933.075,762.901,524.221,0.11,0.143
17-Jun,M17,구포,3.4,0.059812918,24.9,9.26,3.57,0.072,382,3.2,5.5,10.1,10.2,0.14,324.314,1060.447,548.722,714.458,0.123,0.162
17-Jun,M18,하구둑,3,0.063800446,23,8.7,2.13,0.15,541,1.5,5.7,7,3.2,0.05,213.622,871.031,699.768,672.571,0.135,0.085
17-Jun,T1,위천6,5,0.123535177,24.9,8.44,0.92,0.035,333,0.8,7.7,9.5,0.8,0.005,359.879,2139.826,1396.513,964.482,0.145,0.21
17-Jun,T2,감천2-1,2.6,0.066380611,26.7,8.65,4.56,0.049,514,0.8,4.7,10.2,1,0.005,108.973,943.431,734.635,438.68,0.087,0.11
17-Jun,T3,금호강6,5.8,0.141049025,27.1,9.36,10.7,0,1194,2.4,11.3,13.7,15,0.33,492.422,1863.214,1233.659,1058.81,0.146,0.19
17-Jun,T4,회천2-1,3.9,0.089367536,27.5,9.36,7.62,0.088,606,2,7,13.1,3,0.18,464.668,1180.616,1024.872,548.164,0.076,0.148
17-Jun,T5,황강5,1.8,0.043550059,24.7,7.88,2.52,0.021,212,0.6,3.6,9.1,0.4,0.02,176.894,651.67,465.365,243.561,0.059,0.089
17-Jun,T6,밀양강3,3.2,0.069664457,26.8,9.6,0.74,0.166,280,1.4,5.2,11.7,8.2,0.09,485.309,900.028,847.001,926.499,0.13,0.155
17-Jul,M1,안동호,2.4,0.085770942,14,7.3,0.28,0.018,250,0.4,4,7.3,0.2,0.04,283.45,1631.904,868.48,695.955,0.056,0.058
17-Jul,M2,임하호,3.4,0.086396437,19.7,7.4,0.32,0.018,240,0.3,5.3,7.4,1.6,0.02,362.762,1617.576,869.177,322.687,0.088,0.142
17-Jul,M3,예천,4.6,0.040109839,25,7.6,0.34,0.017,218,0.8,4.8,7.7,24,0.01,385.774,900.543,594.189,940.307,0.147,0.301
17-Jul,M4,상주,3.6,0.17068183,22.9,7.4,0.56,0.014,153,0.4,4.7,7.9,7.6,0.005,211.715,3252.095,558.205,403.673,0.126,0.219
17-Jul,M5,낙단보,3.1,0.215170131,25.7,7.5,1,0.02,197,0.9,5.4,8.2,17,0.03,285.914,3422.116,759.135,615.667,0.117,0.193
17-Jul,M6,해평,3.7,0.102737482,26,7,0.87,0.015,157,0.8,5,8.6,8.4,0.02,126.964,1449.362,734.868,413.389,0.124,0.218
17-Jul,M7,구미,3.2,0.13549776,27.4,7.7,1.62,0.022,185,1,5.4,8.6,5,0.01,152.348,2371.1,488.145,1234.589,0.102,0.171
17-Jul,M8,왜관,3.4,0.114778253,27.4,7.7,0.1,0.021,184,0.8,5.5,8.4,6.6,0.005,146.397,1611.891,767.643,1090.656,0.113,0.193
17-Jul,M9,고령원수,3.5,0.12322243,26,7.3,0.99,0.024,191,0.6,4.8,8.9,4.8,0.005,116.922,1795.643,754.44,905.253,0.118,0.2
17-Jul,M10,달성,3.6,0.125568034,28.1,7.5,0.22,0.03,235,0.8,5.6,8.6,9,0.005,152.999,1821.312,823.106,753.603,0.111,0.21
17-Jul,M11,고령,3.4,0.143160069,28.1,7.4,0.82,0.029,195,0.8,6.5,7.9,9.2,0.02,376.523,1797.163,1311.994,947.28,0.115,0.188
17-Jul,M12,용산,3.1,0.0403444,29.6,8,0.99,0.039,284,1.7,5.4,8.7,4.8,0.01,89.679,697.454,293.584,770.2,0.11,0.148
17-Jul,M13,남지,3.2,0.083816272,29.7,8.3,0.99,0.039,260,1.7,4,9.3,6.6,0.02,612.599,1240.065,653.789,1196.188,0.116,0.154
17-Jul,M14,반송원수,3.4,0.108523307,30.3,7.3,16.3,0.043,332,0.9,3.8,8.7,1.8,0.005,258.066,1525.85,891.399,369.41,0.122,0.174
17-Jul,M15,삼량진,3.4,0.101877427,29.3,8.6,0.09,0.038,236,2.2,6.2,8.9,7.4,0.03,292.19,1502.93,888.099,431.148,0.127,0.183
17-Jul,M16,물금,3.7,0.112432648,29.7,8.1,2,0.033,256,2.1,4.1,8.3,6.6,0.03,311.948,1619.515,968.433,452.208,0.128,0.198
17-Jul,M17,구포,3.6,0.109148802,27.1,8.6,2,0.033,292,2.9,5.6,8.5,7,0.07,440.725,1649.926,981.915,649.419,0.133,0.192
17-Jul,M18,하구둑,3.5,0.086240063,27,7.2,0.45,0.11,399,2,5.8,6.7,4,0.02,388.47,1391.119,922.222,516.736,0.134,0.147
17-Jul,T1,위천6,5.5,0.128539133,28.9,7.5,1.56,0.023,206,2.8,7.8,7,20.6,0.05,179.684,2301.413,441.004,349.279,0.151,0.347
17-Jul,T2,감천2-1,3.2,0.086630997,27.1,7.5,1.95,0.022,225,1,5.3,7.3,16.4,0.02,180.009,1940.068,400,883.961,0.114,0.177
17-Jul,T3,금호강6,4.7,0.023065112,29.6,8.1,1.5,0,758,3.2,10.9,8.9,10.8,0.14,129.382,373.039,256.485,684.147,0.148,0.208
17-Jul,T4,회천2-1,3.1,0.119938583,29.6,7.7,0.99,0.048,309,1.5,7,8.3,4.8,0.005,158.113,1734.61,795.026,620.223,0.104,0.135
17-Jul,T5,황강5,1.4,0.055199895,28.3,8,0.66,0.021,163,0.3,3.8,8,3.2,0.005,480.893,966.216,546.955,889.447,0.043,0.045
17-Jul,T6,밀양강3,3.9,0.086709184,31.5,9.2,1.85,0.044,243,1.6,5.3,11.3,10,0.34,423.338,1133.858,733.891,388.61,0.134,0.172
17-Aug,M1,안동호,2.7,0.116967484,16,7.4,1.61,0.014,271,0.9,3.7,4.5,0.2,0.03,194.282,937.839,632.636,311.018,0.072,0.098
17-Aug,M2,임하호,4.1,0.05089962,20,7.4,0.67,0.008,257,1,4.9,6,2.4,0.03,329.707,1911.357,981.59,424.826,0.127,0.21
17-Aug,M3,예천,3.2,0.095544295,26.9,8,1.7,0.014,236,0.7,4.6,8,3,0.04,125.662,1494.182,808.275,378.243,0.119,0.182
17-Aug,M4,상주,3.1,0.084910887,27.2,7.8,1.7,0.014,202,0.5,4.3,7.9,2,0.03,134.682,1367.377,716.364,442.817,0.109,0.179
17-Aug,M5,낙단보,3.5,0.124551605,27.1,7.6,4.86,0.013,174,0.8,5.5,8,5,0.03,100.279,1829.976,847.838,406.648,0.139,0.204
17-Aug,M6,해평,3.5,0.11657655,27,7.4,11.34,0.014,194,0.8,4.6,8.6,3.8,0.005,96.095,1769.544,864.621,398.745,0.062,0.2
17-Aug,M7,구미,3.4,0.111728967,28.6,8.1,7.34,0.016,187,0.8,5.4,9.6,1.2,0.07,140.493,1625.603,883.078,368.433,0.133,0.17
17-Aug,M8,왜관,3.5,0.121815067,28.4,6.9,5.13,0.016,192,0.6,5.2,8.7,4.4,0.02,103.161,1744.645,903.998,403.952,0.127,0.198
17-Aug,M9,고령원수,3.9,0.138234299,26,7.3,10.55,0.019,192,1.2,4.4,8.5,6.2,0.005,110.367,1905.9,913.296,397.629,0.127,0.24
17-Aug,M10,달성,3.9,0.137686991,28.4,5.2,10.4,0.018,189,0.6,5.2,9.6,4.2,0.005,149.605,2031.548,993.677,437.053,0.146,0.232
17-Aug,M11,고령,3.8,0.134481332,28.8,7.8,14.6,0.024,231,1.1,5.8,9.5,1.2,0.02,118.317,1799.423,957.88,235.239,0.137,0.214
17-Aug,M12,용산,3.4,0.125255287,28.7,7.9,6.24,0.024,251,0.8,4.4,9.4,1.6,0.02,141.748,1798.853,841.423,477.406,0.118,0.161
17-Aug,M13,남지,3.6,0.138625233,29.6,7.8,8.38,0.028,228,0.7,4.2,8.9,0.8,0.03,229.056,1706.1,928.405,462.25,0.107,0.196
17-Aug,M14,반송원수,3.6,0.123613364,28.2,7.3,12.1,0.029,280,0.6,4.2,8.4,4.2,0.005,192.887,1634.602,855.927,447.513,0.129,0.198
17-Aug,M15,삼량진,3.5,0.123066056,29,7.8,10.3,0.03,233,1.1,5.5,8.3,2.4,0.01,201.395,1731.769,951.278,552.162,0.129,0.188
17-Aug,M16,물금,3.5,0.12494254,29.3,8.1,8.79,0.032,247,1.1,4.1,8.4,1.4,0.005,197.118,1678.736,947.838,500.279,0.123,0.19
17-Aug,M17,구포,3.6,0.122362374,28,8.2,5.9,0.029,245,0.9,5.5,7.8,1.2,0.02,137.285,1677.429,919.572,426.546,0.134,0.163
17-Aug,M18,하구둑,3.8,0.141674519,28.3,7.6,3.62,0.032,232,2,5.8,8,1.6,0.04,306.648,1894.283,1068.34,580.056,0.131,0.218
17-Aug,T1,위천6,4.8,0.157546444,29.9,7.8,2.44,0.033,292,0.7,7.4,8.2,1.8,0.03,107.95,2430.239,1243.794,476.058,0.189,0.256
17-Aug,T2,감천2-1,3.6,0.115794682,27.7,7.6,1.78,0.02,225,0.5,5,7.4,4.4,0.02,97.164,1553.341,790.888,350.628,0.119,0.189
17-Aug,T3,금호강6,4,0.139641662,30,7.9,10,0,550,0.3,7.5,8.2,3.4,0.05,176.197,1686.399,1111.437,570.804,0.144,0.193
17-Aug,T4,회천2-1,3.6,0.126428089,29.3,7.9,9.62,0.022,230,0.8,6.1,9.5,1.2,0.03,146.351,1783.353,894.933,357.462,0.135,0.209
17-Aug,T5,황강5,1.9,0.064738688,30.8,7.9,3.94,0.018,162,0.5,4.2,7.8,0.6,0.02,159.786,850.36,502.046,312.599,0.069,0.096
17-Aug,T6,밀양강3,2.9,0.105864955,29.7,8.2,0.62,0.022,210,0.7,4.9,8.8,0.8,0.03,149.884,1318.614,744.63,452.069,0.096,0.14
17-Sep,M1,안동호,2.9,0.063174951,18,7.9,0.62,0.014,212,0.6,2.8,8.8,0.4,0.04,325.477,1161.402,673.036,397.954,0.092,0.127
17-Sep,M2,임하호,4.6,0.138625233,21,7.9,1.55,0.003,200,0.4,4.6,8.8,1.8,0.03,290.098,2444.013,1136.588,678.522,0.007,
17-Sep,M3,예천,2.7,0.078890502,21.8,7.7,1.54,0.011,271,0.8,4.1,8.4,2.2,0.02,125.523,1272.537,691.12,302.836,0.113,0.161
17-Sep,M4,상주,2.5,0.075293908,21.7,7.4,3.54,0.012,231,0.4,3.8,8.2,0.8,0.03,112.878,1092.176,597.35,387.448,0.104,0.153
17-Sep,M5,낙단보,2.3,0.066536984,23.7,8.5,2.56,0.024,313,0.7,4.7,9.3,4,0.13,172.431,1012.708,595.258,359.554,0.109,0.133
17-Sep,M6,해평,2.4,0.064269567,24,7.9,5.63,0.022,246,0.6,4.1,8.9,5.4,0.05,162.25,1100.549,649.512,422.083,0.097,0.155
17-Sep,M7,구미,2.6,0.069195336,25.2,8.7,1.93,0.048,368,1,5,10.1,3,0.14,210.367,1093.943,762.25,458.205,0.099,0.131
17-Sep,M8,왜관,2.5,0.072088249,24.5,8.5,1.68,0.035,339,1.2,4.9,9.5,2,0.08,202.371,1109.376,690.981,425.058,0.103,0.139
17-Sep,M9,고령(취),2.6,0.075841216,23,7.7,3.3,0.038,252,0.5,4.1,8.9,1,0.02,185.449,1276.212,701.72,406.881,0.104,0.127
17-Sep,M10,달성,2.8,0.084989074,25.2,8.7,4.29,0.029,457,0.6,5.3,10.5,6.8,0.15,271.502,1279.42,767.225,460.623,0.132,0.168
17-Sep,M11,고령,3.3,0.096091603,26.1,8.8,1.84,0.056,487,1.6,6,10.4,10,0.17,313.529,1319.111,855.602,363.645,0.169,0.216
17-Sep,M12,용산,3.2,0.092338635,25.4,9.2,1.84,0.042,330,2,4.1,11.9,6,0.08,364.668,1407.347,927.615,549.186,0.131,0.196
17-Sep,M13,남지,3.2,0.083816272,25.4,9.3,1.95,0.047,288,1.4,4.1,12.6,9.6,0.12,431.381,1409.495,837.146,518.596,0.176,0.238
17-Sep,M14,본포,3.1,0.09296413,24.3,8.7,26.8,0.038,325,0.9,3.5,9.1,6.8,0.04,256.997,1445.285,852.952,638.261,0.146,0.218
17-Sep,M15,삼량진,3.4,0.095309735,23.6,9.3,3.06,0.035,299,1.9,5.3,10.6,7.8,0.08,425.895,1449.092,865.272,706.369,0.163,0.226
17-Sep,M16,물금,3.3,0.102502922,24.3,8.9,1.94,0.033,273,2.6,4.4,9,2.6,0.06,317.666,1490.743,868.945,479.498,0.137,0.194
17-Sep,M17,구포,3.4,0.097029845,22.8,8.8,1.9,0.036,273,2.2,4.6,9,2.8,0.04,308.322,1585.708,922.408,480.428,0.15,0.187
17-Sep,M18,하구둑,3.5,0.099140889,26,7.7,0.9,0.08,312,2,5.1,8.7,1.2,0.09,337.378,1565.172,970.014,625.384,0.167,0.179
17-Sep,T1,위천6,3.1,0.085927316,23.6,7.9,3.69,0.03,377,2,5.7,9.3,5.6,0.1,164.807,1386.069,860.298,520.921,0.132,0.185
17-Sep,T2,감천2-1,2.9,0.095700669,22.1,7.5,1.3,0.015,329,0.7,4.7,8.1,7.8,0.02,123.199,1279.589,747.048,515.295,0.108,0.189
17-Sep,T3,금호강,3.9,0.119156715,24.3,7.6,3.78,0,662,3.1,5.6,7.2,5.2,0.73,251.511,1366.866,1085.309,520.456,0.161,0.181
17-Sep,T4,회천,3.3,0.094371493,27.1,8.9,1.39,0.048,394,2,5.4,11.1,1.8,0.08,299.489,1387.569,880.521,445.374,0.119,0.15
17-Sep,T5,황강,2.2,0.074355667,25.8,7.8,2.48,0.027,206,0.2,4.7,8.9,3.8,0.02,143.933,997.409,542.352,408.275,0.095,0.133
17-Sep,T6,밀양강3,2.5,0.064113193,23.8,9.3,2.63,0.04,265,2.1,5,11.5,13.4,0.13,305.718,794.669,640.539,430.776,0.131,0.188
17-Oct,M1,안동호,2.4,0.06591149,17,6.7,1.1,0.006,205,0.8,4,5.3,1,0.005,158.856,1056.806,616.829,209.763,0.074,0.095
17-Oct,M2,임하호,4.2,0.134872266,19.3,7.8,2.42,0.002,212,0.4,6.4,7.5,4.2,0.005,256.16,2233.658,1045.002,392.515,0.143,0.199
17-Oct,M3,예천,2.1,0.059656544,15,7.8,0.65,0.014,250,0.6,3.3,10.3,1,0.005,114.551,867.366,615.435,289.447,0.069,0.081
17-Oct,M4,상주,1.8,0.049492258,15.5,7.9,0.54,0.017,271,0.4,4.9,10.6,1.2,0.005,84.426,741.921,456.113,263.877,0.058,0.064
17-Oct,M5,낙단보,2.2,0.06442594,17.6,8.2,3.71,0.021,293,0.8,3,10.4,7,0.03,140.725,913.593,583.031,256.578,0.089,0.125
17-Oct,M6,해평,2.3,0.063565885,18,7.9,9.47,0.021,267,1,5.7,11,9.6,0.03,170.339,1022.436,537.936,289.307,0.09,0.121
17-Oct,M7,구미,2.5,0.068335281,19.2,8.5,2.79,0.046,440,1.4,5.3,11.1,7,0.07,165.132,1028.281,649.884,351.836,0.096,0.12
17-Oct,M8,왜관,2.6,0.072479183,19.4,8.6,2.41,0.036,335,1.1,5.2,10.8,6.2,0.02,170.2,1058.322,661.692,356.95,0.097,0.125
17-Oct,M9,고령(취),2.7,0.071619128,17,7.8,5.26,0.038,296,0.7,4.3,11.2,7.4,0.06,171.688,1049.492,642.724,293.026,0.092,0.113
17-Oct,M10,달성,2.5,0.067553413,18.3,8.3,2.83,0.035,310,0.5,5.6,10.8,7,0.02,185.681,1053.549,721.246,375.825,0.091,0.11
17-Oct,M11,고령,3,0.079828744,19.1,8.8,2.02,0.054,458,1.8,6.2,12.7,5.2,0.05,244.491,1249.06,673.082,387.169,0.114,0.126
17-Oct,M12,용산,2.8,0.075841216,17.5,8.6,1.81,0.047,481,2.1,4.2,11.1,2.8,0.03,314.784,1067.446,750.302,345.839,0.097,0.103
17-Oct,M13,남지,3.1,0.083347151,17.4,9,3.23,0.048,326,1.4,4.4,12.2,9.8,0.005,332.497,1068.313,749.651,400,0.108,0.115
17-Oct,M14,본포,2.7,0.07279193,18.9,8.1,10.8,0.049,379,1.1,3.6,11.3,7,0.04,267.689,1069.031,715.528,425.012,0.094,0.115
17-Oct,M15,삼량진,3,0.081314294,17.5,8.2,3.48,0.042,416,2.2,5.6,9.6,3.8,0.1,284.1,1096.237,774.709,445.793,0.1,0.125
17-Oct,M16,물금,3,0.078499568,17.6,7.9,4.45,0.039,352,2.6,4.5,9.5,5.4,0.11,303.161,1182.264,765.69,468.666,0.108,0.133
17-Oct,M17,구포,3.4,0.087178305,18.9,8.6,5.16,0.046,363,2.6,4.8,10.4,7,0.06,352.766,1217.806,857.787,400,0.122,0.137
17-Oct,M18,하구둑,3.2,0.096013416,20,7.7,2.53,0.242,375,2.6,5.2,11.4,3,0.15,408.415,1261.835,952.022,409.066,0.136,0.1
17-Oct,T1,위천6,3.2,0.094840614,16.7,8.3,1.88,0.043,396,2.2,4.7,11.6,3.2,0.03,152.766,1409.48,855.649,386.285,0.106,0.132
17-Oct,T2,감천2-1,1.9,0.052541544,16.7,8,1.03,0.02,420,0.7,5.2,10.6,0.2,0.005,46.49,729.376,416.039,286.564,0.054,0.059
17-Oct,T3,금호강,4,0.122127814,18,8.7,6.42,,1058,3.2,5.8,13.7,7.4,0.06,289.028,1538.999,1111.065,675.314,0.139,0.147
17-Oct,T4,회천,3,0.081861601,19.3,8.5,1.84,0.055,483,2,5.6,11.6,2.2,0.06,326.313,1113.153,864.575,397.722,0.104,0.112
17-Oct,T5,황강,1.2,0.027443574,18.4,8.2,1.12,0.016,233,0.7,4.9,10,1.2,0.005,45.235,395.73,299.163,187.913,0.032,0.034
17-Oct,T6,밀양강3,2.1,0.053948906,16.8,8.7,2.8,0.031,356,2.2,5.3,12.5,6.4,0.03,205.253,691.869,465.504,354.765,0.075,0.092
17-Nov,M1,안동호,2.2,0.049961378,5.9,7.7,1.54,0.007,200,0.8,3.7,12.2,3.4,0.005,147.466,955.699,508.74,1374.988,0.054,0.078
17-Nov,M2,임하호,3.8,0.106947831,6,7.6,2.56,0.002,209,0.7,4.8,12,3.2,0.01,210.042,1876.268,881.218,1354.719,0.097,0.132
17-Nov,M3,예천,2.5,0.055043522,6.3,7.5,0.6,0.013,306,0.4,3.1,12.6,1.4,0.005,158.903,1102.018,640.632,2010.135,0.056,0.09
17-Nov,M4,상주,2.4,0.059734731,5.3,7.6,0.52,0.019,333,0.5,4.8,13,2,0.01,142.678,1146.686,603.952,1697.954,0.059,0.088
17-Nov,M5,낙단보,2,0.044069191,9.2,8.2,3.51,0.022,319,0.7,3.3,11.8,6.6,0.08,137.331,740.4,526.081,1367.411,0.047,0.078
17-Nov,M6,해평,2.2,0.048887359,10,8,13.34,0.026,288,1.4,5.4,12.1,6.6,0.05,140.493,846.438,529.521,1541.562,0.055,0.087
17-Nov,M7,구미,2.4,0.055199895,9.9,7.9,1.13,0.062,450,1.3,5.3,11.4,2.8,0.15,169.828,989.034,644.444,1636.169,0.063,0.084
17-Nov,M8,왜관,2.7,0.063018578,10.2,7.9,2.02,0.064,449,1.2,5,12.2,3.4,0.17,162.483,974.463,681.358,1835.751,0.071,0.095
17-Nov,M9,고령(취),2.6,0.061298467,11,8.5,0.59,0.048,325,0.8,4.8,12.2,2.2,0.04,204.091,1038.244,735.239,2203.626,0.066,0.096
17-Nov,M10,달성,2.7,0.065207809,11,8.1,0.75,0.044,378,1,5.5,13,2.2,0.08,262.529,1148.04,721.199,2039.331,0.067,0.09
17-Nov,M11,고령,3.2,0.081548854,10.9,8.3,1.6,0.086,574,2.1,6,12.4,4,0.09,278.429,1385.586,761.227,1955.974,0.087,0.125
17-Nov,M12,용산,3,0.073495612,10.6,7.7,1.15,0.059,513,1.6,4.1,11.2,1.8,0.07,286.843,1070.689,863.366,1881.543,0.077,0.105
17-Nov,M13,남지,2.8,0.060907533,10.5,8,1.2,0.071,394,1.8,4.7,11.5,3.8,0.12,247.187,866.377,625.477,1409.809,0.086,0.122
17-Nov,M14,본포,2.7,0.063878633,14.3,8.1,1.7,0.081,378,0.8,4.5,12.1,5,0.03,264.296,910.457,734.077,1196.467,0.086,0.12
17-Nov,M15,삼량진,3.1,0.062549457,10.7,8.1,4.8,0.088,373,1.7,5.4,11.7,5,0.07,351.65,1061.593,720.177,1291.399,0.085,0.119
17-Nov,M16,물금,2.8,0.074902974,11.6,7.6,0.5,0.071,380,1.9,4.7,10.4,3,0.16,340.772,1065.309,794.514,1344.212,0.074,0.109
17-Nov,M17,구포,2.8,0.072400996,9.5,8,0.98,0.052,369,1.6,5.2,12,0.2,0.07,323.989,1108.507,770.339,1332.589,0.074,0.104
17-Nov,M18,하구둑,3.2,0.082408909,9.8,7.9,0.7,0.302,750,1.6,5.1,12.1,4,0.12,344.444,1177.173,879.87,1323.477,0.137,0.074
17-Nov,T1,위천6,2.2,0.047693961,7.7,8.1,1.75,0.032,364,1.4,4.5,12.4,3.4,0.11,154.347,838.286,554.812,1794.096,0.054,0.085
17-Nov,T2,감천2-1,2.1,0.045895664,8.2,7.6,0.55,0.043,700,0.6,5.1,13,1.6,0.03,108.275,690.208,521.897,1487.866,0.043,0.056
17-Nov,T3,금호강,4,0.11165078,9.9,8.1,1.45,,1184,2.2,5.7,13.5,3.6,0.07,302.789,1393.016,1323.013,2040.679,0.102,0.11
17-Nov,T4,회천,3.1,0.076153963,11.1,7.7,0.26,0.094,532,1.7,5.6,10.8,2.2,0.15,311.855,1318.66,773.733,1619.433,0.075,0.095
17-Nov,T5,황강,1.1,0.020954068,8.8,7.6,0.39,0.023,242,1.7,4.7,12,1.2,0.005,56.16,387.237,233.333,844.073,0.025,0.033
17-Nov,T6,밀양강3,2.3,0.043315499,9.4,8.5,1.9,0.076,462,1.9,4.9,13.2,6.8,0.29,310.46,614.995,617.062,1522.222,0.064,0.086
17-Dec,M1,안동호,2.3,0.051446928,1,8,0.92,0.011,210,0.9,2.6,11.5,2,0.01,160.669,989.803,569.27,454.812,0.061,0.088
17-Dec,M2,임하호,3.6,0.108512203,0.9,7.9,1.21,0.01,211,0.8,1.7,11.4,1.4,0.005,182.055,1986.745,987.634,808.973,0.1,0.167
17-Dec,M3,예천,2.1,0.05066506,0.2,8,0.34,0.019,352,1.7,2.8,14.4,4.2,0.02,144.119,895.734,541.283,489.075,0.055,0.077
17-Dec,M4,상주,2,0.044644675,0.3,8.1,3.37,0.023,344,1.9,2.4,14.7,0.4,0.01,122.734,850.881,493.91,367.596,0.055,0.07
17-Dec,M5,낙단보,2.1,0.045348356,1.6,8.2,1.72,0.027,296,1.3,2.3,14.6,3.6,0.04,137.936,865.431,535.425,535.937,0.061,0.09
17-Dec,M6,해평,2,0.03909341,2,8,3.94,0.03,307,1.1,2.6,11.6,1.6,0.06,143.189,808.559,403.58,568.619,0.052,0.07
17-Dec,M7,구미,2.2,0.043706433,3.7,8.1,2.1,0.071,422,1.6,2.7,13.5,5.4,0.16,138.959,832.108,408.973,269.967,0.065,0.077
17-Dec,M8,왜관,2.3,0.051525115,4.4,8.2,0.96,0.073,937,1.6,2.2,14,3.4,0.23,160.251,858.148,635.007,656.439,0.066,0.078
17-Dec,M9,고령(취),2.5,0.054261654,5,8.2,2.27,0.069,414,1.2,2.2,11.7,2.2,0.08,182.52,869.617,696.281,663.18,0.071,0.079
17-Dec,M10,달성,2.5,0.056685445,3.2,7.8,3.34,0.07,415,1.3,2,13.9,1.6,0.15,199.07,946.074,716.969,564.807,0.073,0.081
17-Dec,M11,고령,3.1,0.069742644,4.7,8.2,1.77,0.095,720,1.6,2.8,13.5,3.4,0.15,209.298,1011.27,684.984,428.452,0.093,0.107
17-Dec,M12,용산,2.6,0.054418027,3.4,8,0.99,0.065,548,0.5,2.5,13.8,2.4,0.04,177.731,914.457,490.748,460.669,0.071,0.084
17-Dec,M13,남지,2.6,0.054574401,3.2,8.2,1.1,0.083,532,1.5,2.6,14.1,1.8,0.08,194.84,783.468,593.538,428.219,0.074,0.081
17-Dec,M14,본포,2.7,0.056216324,5,7.9,5.4,0.093,497,0.9,2.5,11.6,2.4,0.04,225.523,793.108,642.259,350.209,0.079,0.09
17-Dec,M15,삼량진,2.6,0.057154566,3.4,8.3,0.15,0.118,625,0.8,2.7,14.1,5.6,0.11,238.494,972.65,503.905,357.136,0.092,0.089
17-Dec,M16,물금,2.7,0.054261654,4.3,8.3,1.02,0.097,260,1.6,2.6,13.4,3.6,0.04,265.737,842.027,627.383,331.706,0.07,0.085
17-Dec,M17,구포,2.7,0.05731094,5.5,8.3,1.54,0.099,418,1.2,1.8,13,2.6,0.07,269.921,867.769,640.679,352.58,0.077,0.085
17-Dec,M18,하구둑,3.1,0.065207809,5.2,8,0.56,0.247,586,0.5,2,11.7,1.2,0.13,306.416,1079.117,559.647,391.074,0.125,0.084
17-Dec,T1,위천6,,0,,,,,,,,,,,,,,,,
17-Dec,T2,감천2-1,2.1,0.049023137,1.8,8,2.27,0.038,1201,1.5,2.2,15,3.8,0.14,139.563,717.391,494.654,412.366,0.044,0.053
17-Dec,T3,금호강,3.8,0.103206603,3.4,8.2,2.25,0.172,1811,1.6,2.9,14.3,2.8,0.3,217.899,1065.179,1119.851,622.78,0.111,0.103
17-Dec,T4,회천,2.9,0.064269567,4.1,8.1,1.34,0.088,600,1.4,2.1,13.9,3,0.06,223.431,1037.61,602.51,377.917,0.089,0.093
17-Dec,T5,황강,1.4,0.022205057,1.7,7.7,2.21,0.018,203,1,2,14.7,6.4,0.02,96.839,475.244,331.241,224.64,0.039,0.063
17-Dec,T6,밀양강3,1.5,0.02681808,2.2,7.7,2,0.247,356,1.5,2.6,14.1,2.8,0.47,134.449,461.173,226.592,238.308,0.066,0.034
18-Jan,M1,안동호,1.9,0.040969894,3.2,7.1,2.21,0.013,207,1.3,3.2,12,1.4,0.01,130.544,879.291,460.716,212.32,0.051,0.11
18-Jan,M2,임하호,3.5,0.111728967,3.2,6.7,2.51,0.005,216,2.3,4.8,11.4,0.7,0.01,160.483,1791.381,816.364,325.662,0.104,0.228
18-Jan,M3,예천,,0.05066506,,,,,,,,,,,144.119,895.734,541.283,489.075,,
18-Jan,M4,상주,,0.044644675,,,,,,,,,,,122.734,850.881,493.91,367.596,,
18-Jan,M5,낙단보,1.9,0.049335884,3.4,8.3,1.98,0.027,611,2.9,3.9,14.2,6.3,0.06,152.115,754.78,490.33,287.355,0.059,0.013
18-Jan,M6,해평,1.9,0.034011267,2,7.7,3.6,0.03,310,2.2,3.7,11.7,1,0.03,142.631,783.504,466.202,295.212,0.042,0.095
18-Jan,M7,구미,2.3,0.048163082,3.8,8.1,2.83,0.054,241,3.5,4.6,13.7,1.7,0.2,185.914,828.25,605.951,352.115,0.067,0.137
18-Jan,M8,왜관,2.4,0.047693961,2.3,8.1,1.67,0.061,483,2.4,5.4,14.6,2.5,0.31,175.593,874.742,586.75,330.311,0.073,0.143
18-Jan,M9,고령(취),2.3,0.044801048,3,8,2.03,0.078,363,3.1,4.6,11.7,1.7,0.16,235.983,823.639,572.106,367.411,0.081,0.13
18-Jan,M10,달성,2.4,0.054887148,3.4,8.3,3.75,0.078,521,2.1,3.3,15.1,1.5,0.16,252.441,831.438,619.665,357.415,0.078,0.145
18-Jan,M11,고령,3,0.064816874,3.2,8.2,2.01,0.112,756,2,4.4,14.1,0.9,0.16,299.07,941.193,789.726,524.361,0.093,0.16
18-Jan,M12,용산,2.2,0.047693961,3.3,8.3,2,0.085,540,1.3,2.9,14.8,0.6,0.03,224.919,853.03,504.603,392.004,0.061,0.101
18-Jan,M13,남지,2.5,0.051759675,3.9,8.6,2.5,0.116,536,1.1,5,14.5,1.4,0.21,336.355,855.953,625.058,485.123,0.087,0.14
18-Jan,M14,본포,2.4,0.031743849,2.4,8.1,4.51,0.125,511,2.2,5.6,11.5,1.2,0.11,240.958,853.976,492.701,367.457,0.079,0.098
18-Jan,M15,삼량진,2.4,0.050821433,3.1,8.3,3,0.126,528,1.9,4.2,13.5,1.4,0.1,303.208,940.186,585.309,459.926,0.083,0.129
18-Jan,M16,물금,2.5,0.058952863,2.3,8,2.41,0.162,586,1.5,4.4,14.2,1.6,0.07,315.342,990.037,594.979,313.668,0.094,0.136
18-Jan,M17,구포,2.5,0.060672973,4.2,8.4,2,0.162,564,1.9,5,14.5,2.4,0.18,304.556,984.379,564.296,394.468,0.094,0.12
18-Jan,M18,하구둑,,0.065207809,,,,,,,,,,,306.416,1079.117,559.647,391.074,,
18-Jan,T1,위천6,,0,,,,,,,,,,,,,,,,
18-Jan,T2,감천2-1,2.1,0.048710389,3,8,1.55,0.04,512,2.6,4.2,13.7,0.6,0.42,129.754,649.628,512.273,383.914,0.059,0.144
18-Jan,T3,금호강,3.9,0.103988472,3.9,8.1,3.66,0.147,1316,0.8,1.9,14.7,1.2,0.33,301.767,1027.938,1187.866,688.285,0.107,0.17
18-Jan,T4,회천,2.7,0.063096764,2.3,8.1,1.02,0.125,754,2.3,4.1,14.9,1.8,0.14,243.515,880.542,750.488,488.47,0.078,0.116
18-Jan,T5,황강,1.3,0.025879838,6.6,7.9,2,0.021,209,1.4,2.2,13.2,1,0.02,100.93,537.383,302.232,260.205,0.031,0.062
18-Jan,T6,밀양강3,1.6,0.031509289,3.2,7.9,2.51,0.241,635,1.3,4.3,13.5,1.2,0.42,173.082,545.348,299.163,310.972,0.065,0.054
18-Feb,M1,안동호,2,0.052306983,3.93,7.1,3.62,0.016,225,0.9,3.5,12.2,0.4,0.01,270.246,988.808,576.29,514.784,0.063,0.098
18-Feb,M2,임하호,3.5,0.102111988,4.57,7.3,3.93,0.013,221,2.1,5.6,12,0.9,0.02,315.574,2115.667,848.303,1303.859,0.114,0.217
18-Feb,M3,예천,2.4,0.040735334,4.1,8.1,2.54,0.023,332,1.3,4.4,13.1,0.1,0.13,368.061,919.34,697.397,941.33,0.034,0.056
18-Feb,M4,상주,,0.044644675,,,,,,,,,,,122.734,850.881,493.91,367.596,,
18-Feb,M5,낙단보,2.1,0.049414071,4.7,8.8,2.59,0.025,320,1.1,4.1,16.4,1.9,0.05,382.938,860.186,604.231,1055.509,0.064,0.118
18-Feb,M6,해평,1.9,0.045817477,5,8.1,4.5,0.028,302,1.4,3.8,9.9,1.3,0.07,302.603,778.995,598.977,588.563,0.07,0.107
18-Feb,M7,구미,2.3,0.048163082,6.4,8.4,2.06,0.043,400,1.3,4.7,13,3.1,0.26,383.264,867.897,693.724,1325.848,0.082,0.115
18-Feb,M8,왜관,2.4,0.053401599,5.4,8.3,1.51,0.059,525,1.4,4.8,13.8,2.8,0.2,373.129,892.959,750.163,1289.354,0.087,0.121
18-Feb,M9,고령(취),2.5,0.059187423,5,8.3,3.3,0.061,369,1.9,4.7,10.9,2.7,0.07,476.801,896.887,736.634,910.367,0.084,0.126
18-Feb,M10,달성,2.6,0.061063907,6.2,8.3,3.44,0.075,495,2.2,5.6,14.5,3.4,0.16,484.658,941.048,869.41,695.955,0.075,0.127
18-Feb,M11,고령,2.8,0.064269567,6.8,7.8,1.26,0.099,633,2.7,6.1,14.2,3.9,0.3,349.837,921.982,905.951,1111.623,0.092,0.125
18-Feb,M12,용산,2.4,0.063096764,5.4,8.5,1.33,0.102,589,1.7,3.8,14.6,2.2,0.12,238.773,908.437,673.361,709.577,0.069,0.102
18-Feb,M13,남지,2,0.053948906,4.9,8.6,1.52,0.108,460,1.8,3.6,14.5,1,0.3,253.603,778.545,543.282,1511.715,0.066,0.083
18-Feb,M14,본포,2.6,0.065207809,5.7,8.2,3.76,0.123,310,1.1,4.6,9.9,1.7,0.25,608.973,942.17,657.229,523.57,0.083,0.111
18-Feb,M15,삼량진,2.4,0.058796489,4.4,8.1,1.93,0.185,440,2,5,14.3,2.5,0.19,258.624,923.46,667.922,560.53,0.093,0.097
18-Feb,M16,물금,2.4,0.055747203,5.1,8.4,1.54,0.175,641,1.9,4.5,14.6,1.1,0.16,309.159,926.353,699.024,657.369,0.087,0.094
18-Feb,M17,구포,2.7,0.066536984,6.6,9,1.66,0.188,595,1.8,4.9,14.9,2,0.21,363.087,883.577,860.065,568.945,0.098,0.112
18-Feb,M18,하구둑,2.7,0.063487698,6.5,7.7,0.92,0.552,308,3.4,9.5,8.8,0.7,0.19,355.184,854.647,900.697,599.721,0.139,0.122
18-Feb,T1,위천6,,0,,,,,,,,,,,,,,,,
18-Feb,T2,감천2-1,2.2,0.053088851,6.5,7.8,1.83,0.049,721,1.4,5.8,12.6,2.1,0.46,189.679,706.943,723.384,825.151,0.079,0.115
18-Feb,T3,금호강,3.6,0.094552115,7.8,8.2,1.78,0.166,1098,2.6,6.9,14.3,3.7,0.46,463.645,1638.297,1538.308,1562.39,0.132,0.166
18-Feb,T4,회천,2.8,0.076846693,5.6,8.5,1.33,0.122,815,1.4,4.9,14.7,2.8,0.13,337.657,1097.438,819.433,1947.001,0.097,0.121
18-Feb,T5,황강,1.3,0.025482171,8.3,8.1,2.08,0.025,190,1.5,2.1,12.6,0.3,0,190.981,462.43,406.416,565.597,0.026,0.041
18-Feb,T6,밀양강3,1.3,0.026739893,6.6,8.1,1.71,0.437,840,1,2.5,12.6,1.5,0.48,122.315,574.536,217.713,980.009,0.069,0.044
18-Mar,M1,안동호,2.3,0.048084895,11,8,1.08,0.016,154,0.6,3.4,8.3,0.4,0.01,208.229,906.421,538.587,942.678,0.07,0.089
18-Mar,M2,임하호,3.9,0.107850415,10.3,7.7,2.03,0.012,153,0.4,5.2,8.6,0.3,0.01,232.589,1877.4,977.452,1396.746,0.092,0.122
18-Mar,M3,예천,2.7,0.074433853,9.9,7.9,0.97,0.022,360,0.8,5.1,12.1,2.5,0.01,365.551,1198.598,746.165,569.038,0.069,0.088
18-Mar,M4,상주,3,0.102268362,8.6,7.8,0.85,0.019,221,2.1,6.1,11.2,6,0.01,521.943,1332.121,833.426,394.189,0.081,0.105
18-Mar,M5,낙단보,2.4,0.050508686,8.4,8.4,2.54,0.027,280,2,4.9,13.8,1.4,0.12,288.749,852.318,637.889,259.554,0.07,0.076
18-Mar,M6,해평,2,0.048632203,7,7.2,15.82,0.027,284,1.7,4.9,10,3.6,0.01,244.584,807.286,571.037,1566.667,0.067,0.094
18-Mar,M7,구미,2,0.05238517,8.6,8.5,1.99,0.034,326,1.2,5.4,13.1,2.9,0.08,299.489,828.19,619.526,1931.706,0.058,0.075
18-Mar,M8,왜관,2.2,0.044410114,8.7,8.2,2.01,0.046,423,2.5,5.1,12.8,3.8,0.2,268.201,768.354,710.925,437.099,0.069,0.064
18-Mar,M9,고령(취),2.6,0.054730775,7,8.1,8.02,0.056,347,1.8,5,10,2.6,0.01,338.54,848.43,674.338,2130.219,0.076,0.073
18-Mar,M10,달성,2.2,0.050586873,7.1,8.5,2.03,0.058,433,2.1,6,14.3,3,0.14,354.719,866.387,709.949,738.494,0.078,0.104
18-Mar,M11,고령,2.7,0.060594786,7.4,8.3,1.87,0.064,587,1.2,5.5,13.7,4.2,0.36,425.709,903.068,751.418,1686.564,0.08,0.103
18-Mar,M12,용산,2.6,0.073886546,8,8.2,2.82,0.098,795,1,5.6,13.5,1.9,0.23,459.926,1038.028,843.282,962.622,0.093,0.082
18-Mar,M13,남지,3,0.068257095,7.5,8.3,2.5,0.104,797,0.9,4.9,13.5,1.6,0.28,432.822,1052.627,731.055,775.128,0.072,0.08
18-Mar,M14,본포,2.6,0.053714346,7.7,8.3,8.28,0.112,524,1.1,5,11,3.9,0.19,430.358,960.946,631.241,919.2,0.075,0.072
18-Mar,M15,삼량진,2.3,0.058874676,7.4,8.3,1.84,0.152,695,1.1,4.9,13.2,2.4,0.07,443.282,871.611,679.498,2343.189,0.085,0.089
18-Mar,M16,물금,2.2,0.05433984,7.8,8.2,3.01,0.154,654,0.9,5,12.4,1.9,0.08,360.855,875.4,594.7,1051.557,0.079,0.071
18-Mar,M17,구포,2.7,0.070993633,7.5,8.1,3.62,0.188,578,0.9,5.3,12.1,2.6,0.09,325.941,1165.274,756.578,438.912,0.097,0.093
18-Mar,M18,하구둑,2.7,0.068960776,8.5,7.7,2.06,0.42,203,0.7,5.1,10.4,3.2,0.23,646.862,966.857,917.992,2369.967,0.135,0.067
18-Mar,T1,위천6,5.1,0,11.8,7.8,1.35,0.031,361,4.2,10.4,10.5,7.3,0.01,1031,2738,1604,1021,0.168,0.213
18-Mar,T2,감천2-1,3.8,0.15222974,10.3,7.9,1.29,0.024,263,1.6,8.4,11,13,0.01,483.543,2195.087,1175.779,546.769,0.157,0.222
18-Mar,T3,금호강,3.5,0.104379406,9.7,7.6,2.83,0.094,710,0.2,7.4,8.2,4.2,0.15,613.715,1716.498,1054.905,848.257,0.124,0.149
18-Mar,T4,회천,2.7,0.075684842,8.2,8,1.37,0.096,843,1.1,6.1,13.6,3.4,0.37,539.424,1134.99,867.411,3225.151,0.067,0.072
18-Mar,T5,황강,1.5,0.041204455,8.6,8,1.58,0.025,258,0.1,2.7,11.6,0.4,0.01,164.482,595.825,467.503,341.841,0.057,0.056
18-Mar,T6,밀양강3,1.7,0.04081352,9.2,7.9,2.92,0.145,696,0.8,4.3,11.9,1.8,0.36,336.309,790.544,416.736,783.124,0.091,0.099
18-Apr,M1,안동호,2,0.046574663,7.8,6.8,2.8,0.013,231,1.7,5.1,11.3,0.7,0.01,223.291,902.684,618.131,704.556,0.153,0.082
18-Apr,M2,임하호,3.4,0.102581109,10.1,7.5,3.87,0.012,222,1.4,8.1,10.4,2.5,0.02,241.423,1734.373,953.231,1127.801,0.113,0.109
18-Apr,M3,예천,2,0.057154566,13.9,7.8,7.57,0.018,240,2.4,4.8,10.7,11.2,0.02,158.252,884.621,613.064,540.772,0.29,0.114
18-Apr,M4,상주,1.8,0.048788576,17.7,8.1,2.38,0.023,258,1.6,4.2,10.1,3.6,0.01,155.974,739.332,572.292,927.15,0.121,0.115
18-Apr,M5,낙단보,2.5,0.069273523,14.8,8.7,4.9,0.025,236,2.2,4.5,11.8,6.3,0.02,173.547,1066.268,783.961,658.81,0.132,0.192
18-Apr,M6,해평,2.6,0.084676327,15,7.3,11.4,0.02,231,1.2,4.8,9.6,10.9,0.03,160.995,1217.659,772.71,820.037,0.212,0.192
18-Apr,M7,구미,3.1,0.092651383,15.3,8.6,6.08,0.05,352,2.5,5.5,13.8,11.4,0.03,289.54,1362.986,933.054,1025.058,0.264,0.245
18-Apr,M8,왜관,3.1,0.091869514,12.7,7.7,3.07,0.043,350,2.6,5.9,11.5,8,0.03,330.776,1346.831,866.155,615.76,0.191,0.201
18-Apr,M9,고령(취),2.8,0.085770942,13,7.7,4.92,0.02,240,1.6,4.9,9.2,14.4,0.03,191.167,1355.507,818.364,713.017,0.077,0.172
18-Apr,M10,달성,2.6,0.077014018,12.1,8.1,9.52,0.029,272,2.2,5,12,17,0.03,265.923,1106.562,739.842,495.397,0.085,0.204
18-Apr,M11,고령,2.9,0.081314294,15.2,8.8,4.76,0.049,396,2.3,5.3,11.8,7.5,0.02,400.139,1234.573,961.832,444.491,0.218,0.155
18-Apr,M12,용산,3.9,0.115951055,16.7,8.6,4.22,0.048,427,3.6,7.7,14.3,4.6,0.18,762.715,1186.951,976.894,831.66,0.246,0.11
18-Apr,M13,남지,4.2,0.104848527,20.1,8.9,6.39,0.065,392,3,10,12.2,5.4,0.12,1202.743,1355.791,930.544,1306.974,0.225,0.098
18-Apr,M14,본포,2.7,0.07599759,15.6,7.8,7.51,0.054,332,1.4,5.1,8.2,11.6,0.03,266.481,1029.927,748.396,3029.103,0.176,0.125
18-Apr,M15,삼량진,3,0.073573798,18.6,8.5,3.5,0.049,372,1.9,6.3,11.5,3.3,0.11,634.263,1102.992,709.995,890.098,0.17,0.101
18-Apr,M16,물금,2.4,0.064113193,17.4,8.5,5.5,0.046,367,1.4,4.6,12.4,5.3,0.03,272.338,1025.241,763.18,392.701,0.25,0.149
18-Apr,M17,구포,2.6,0.070289952,16.9,7.5,4.09,0.047,340,1,5.1,12.6,4.9,0.03,285.402,1084.947,827.243,2268.805,0.258,0.153
18-Apr,M18,하구둑,2.4,0.073495612,13.4,7.7,3.01,0.051,318,1.2,4.2,8.4,3.2,0.03,221.571,998.86,727.057,504.51,0.266,0.15
18-Apr,T1,위천6,2.7,0.079906931,18.1,8.4,3.8,0.036,322,1.7,5.2,11.9,8.4,0.02,186.983,1210.771,881.265,871.176,0.236,0.157
18-Apr,T2,감천2-1,1.9,0.053792533,14.2,8.1,2.75,0.029,299,1.4,3.6,10.3,7.3,0.02,105.625,731.456,551.139,581.265,0.192,0.136
18-Apr,T3,금호강,3.1,0.098671768,16.9,7.9,8.31,0.095,1541,3.2,7.2,8.8,30.9,0.08,251,1255.483,1147.42,532.032,0.17,0.215
18-Apr,T4,회천,2.6,0.062784017,21.9,8.9,2.87,0.037,680,1.9,5.2,11.9,3.6,0.1,381.962,1066.459,663.97,527.848,0.151,0.113
18-Apr,T5,황강,1.3,0.028225442,24.6,8.5,2.31,0.024,466,1.5,3.6,10.2,3.3,0.02,88.796,502.163,367.318,1189.493,0.135,0.094
18-Apr,T6,밀양강3,1.7,0.04722484,20.7,8.8,3.53,0.034,337,1.2,3.9,11.1,5.3,0.02,153.138,692.973,463.505,814.272,0.121,0.13
18-May,M1,안동호,2,,22.8,7.9,1.05,0.015,221,0.5,5.4,8.4,0.6,0.03,241.655,919.024,515.807,210.46,0.092,0.112
18-May,M2,임하호,2.9,,22.8,8.1,0.99,0.011,222,0.7,4.9,8.5,0.5,0.05,122.641,1616.391,804.881,318.503,0.228,0.172
18-May,M3,예천,2.7,,16.7,8.1,5.19,0.014,273,0.6,6.5,9.6,7.5,0.01,149.698,1345.875,726.22,308.833,0.131,0.133
18-May,M4,상주,2.1,,16.9,8,9.54,0.018,223,0.6,5.2,9.1,7.1,0.02,118.689,1031.153,542.213,231.567,0.141,0.122
18-May,M5,낙단보,2.9,,18.3,8.6,2.64,0.018,208,0.7,5.1,10.9,6,0.02,136.913,1548.242,727.197,260.251,0.157,0.108
18-May,M6,해평,2.9,,17,7.2,10.73,0.017,195,0.4,5.7,8.8,1.9,0.02,141.004,1701.233,770.851,320.27,0.266,0.221
18-May,M7,구미,3.1,,18.6,8.3,6.07,0.025,222,0.6,5.8,10.7,3.6,0.02,275.36,1668.213,779.498,290.377,0.22,0.178
18-May,M8,왜관,2.8,,19.4,9,2.49,0.029,254,1.1,5.4,11.3,6,0.03,196.932,1371.09,691.678,298.884,0.224,0.173
18-May,M9,고령(취),2.5,,18,7.9,8.21,0.027,209,0.4,5,8.8,1.1,0.03,166.248,1190.41,639.145,268.666,0.235,0.188
18-May,M10,달성,2.6,,18.5,8.7,4.37,0.026,247,1,4.9,11.5,4.1,0.03,183.821,1173.783,716.922,290.098,0.228,0.168
18-May,M11,고령,2.8,,18.5,8.9,2.06,0.038,305,0.9,5.5,11.8,9.3,0.03,216.039,1234.131,834.031,354.533,0.254,0.21
18-May,M12,용산,2.9,,17.8,9.3,3.39,0.04,282,1,6.2,13,10.2,0.03,247.792,1324.651,898.838,381.59,0.151,0.223
18-May,M13,남지,2.7,,17.4,9,3.74,0.034,268,1.1,5.8,11.4,11,0.03,200.372,1143.978,783.45,329.847,0.186,0.105
18-May,M14,본포,2.6,,18.7,7.6,10.02,0.04,259,0.5,5,8.7,11.7,0.03,178.754,1096.402,763.691,299.768,0.208,0.099
18-May,M15,삼량진,2.8,,16.3,8.4,1.3,0.035,280,0.8,5.6,10.5,11.9,0.04,210.367,1248.768,767.411,302.975,0.179,0.176
18-May,M16,물금,2.9,,16.5,8.6,1.15,0.038,307,0.7,5.4,10.6,10.2,0.05,247.327,1360.846,858.345,376.43,0.219,0.194
18-May,M17,구포,2.9,,19,8.5,11.1,0.038,300,1.2,8.3,10,57.8,0.06,267.829,1288.07,835.704,326.685,0.404,0.278
18-May,M18,하구둑,2.8,,22.4,7.6,1.7,0.043,280,0.8,4.8,8.4,3.2,0.05,287.913,1224.584,851.836,384.519,0.199,0.144
18-May,T1,위천6,3.4,,19.2,8.1,14.5,0.028,304,0.9,6.6,9.2,1.8,0.02,219.619,1976.796,850.302,417.155,0.143,0.216
18-May,T2,감천2-1,2.2,,17,8,4.13,0.02,251,0.4,4.2,10,8.5,0.02,118.55,1118.82,610.972,294.096,0.133,0.14
18-May,T3,금호강,3.6,,19.6,8.1,3.37,0.096,757,1.8,9.7,10.3,12.8,0.03,334.077,1685.015,876.011,576.894,0.254,0.29
18-May,T4,회천,2.9,,18.1,9.1,4,0.048,345,1.3,6.6,12.4,13.3,0.03,219.154,1325.906,845.7,425.198,0.301,0.202
18-May,T5,황강,1.4,,18.7,8.4,6.74,0.021,182,0.6,3.7,10,6.3,0.02,87.029,534.717,372.896,166.853,0.221,0.111
18-May,T6,밀양강3,1.8,,18.4,8.8,0.48,0.023,211,0.6,3.8,10.9,4.5,0.03,154.068,686.128,494.514,233.287,0.188,0.112
18-Jun,M1,안동호,2.3,,24.7,8,0.74,0.017,219,1.6,4.1,8,0.3,0.05,364.063,871.648,599.21,242.166,0.11,0.114
18-Jun,M2,임하호,3.6,,24.8,8.3,0.58,0.013,253,1.6,4.9,8.2,0.9,0.03,303.905,1699.386,970.246,341.051,0.204,0.151
18-Jun,M3,예천,2.6,,23.4,8.1,4.16,0.017,463,1.6,4.9,8.6,8.8,0.02,265.597,1245.404,620.595,283.45,0.177,0.122
18-Jun,M4,상주,2.4,,26.8,8.9,2.29,0.023,360,1.6,4.3,9.7,2.5,0.28,279.498,928.549,527.615,217.434,0.187,0.126
18-Jun,M5,낙단보,2.6,,25.5,8.3,6.13,0.024,248,2.3,4.6,9.8,7.9,0.07,136.913,1548.242,727.197,260.251,0.134,0.095
18-Jun,M6,해평,2.7,,24,7.8,9.39,0.024,237,1.8,4.2,8.1,5.1,0.06,283.728,1031.754,687.727,250.721,0.209,0.186
18-Jun,M7,구미,2.9,,28.6,9.2,3.84,0.039,289,1.8,4.8,9.6,3.5,0.11,379.73,1216.917,667.271,307.252,0.183,0.1
18-Jun,M8,왜관,2.9,,28.1,8.9,2.88,0.046,294,1.8,4.4,8.4,4.4,0.1,357.043,1188.801,677.08,442.817,0.215,0.181
18-Jun,M9,고령(취),2.6,,22,8,7.05,0.037,255,1,4.6,8.1,2.8,0.01,265.365,1050.443,680.939,302.975,0.248,0.208
18-Jun,M10,달성,2.8,,24.9,8.3,2.59,0.034,262,1.9,3.7,8.1,2.4,0.16,362.901,1200.111,669.084,309.763,0.163,0.088
18-Jun,M11,고령,3.5,,27.7,8.8,2.28,0.062,444,1.7,4.6,9,1.1,0.11,558.066,1471.794,847.838,424.593,0.173,0.118
18-Jun,M12,용산,3.2,,26.2,9,1.23,0.049,333,2.1,4.4,10.2,2.4,0.1,466.992,1293.225,819.758,472.013,0.169,0.118
18-Jun,M13,남지,3.2,,26.9,9.2,3.35,0.083,252,2.6,5,10.2,4,0.13,399.628,1201.808,730.172,338.726,0.205,0.11
18-Jun,M14,본포,3.1,,23.9,7.6,2.92,0.067,322,1.5,4.7,8.1,8.7,0.01,338.494,1211.685,765.04,334.682,0.165,0.099
18-Jun,M15,삼량진,3.4,,24.9,8.9,2.63,0.054,297,2.2,5.6,9.8,3.7,0.08,469.177,1275.43,917.806,451.976,0.145,0.125
18-Jun,M16,물금,3.4,,23.9,8.8,7.83,0.053,290,2.5,3.6,10,4.6,0.1,483.031,1191.42,811.018,275.081,0.212,0.116
18-Jun,M17,구포,3.1,,23.1,8.5,3.33,0.044,299,3,3.3,8.8,19.8,0.14,427.569,1143.605,804.324,373.454,0.156,0.143
18-Jun,M18,하구둑,3.3,,23.4,7.1,2.03,0.057,291,1.5,4.1,8.1,3.2,0.3,401.116,1190.098,768.154,419.851,0.159,0.109
18-Jun,T1,위천6,5,,28.6,9.1,7.11,0.041,390,2.9,7.6,11.2,6.7,0.12,596.978,2308.612,1087.913,451.325,0.232,0.183
18-Jun,T2,감천2-1,2.5,,28.2,9.2,1.37,0.044,397,1.6,3.3,10.5,2.5,0.06,186.192,925.523,612.087,291.074,0.191,0.138
18-Jun,T3,금호강,4.6,,28.8,9.2,2.36,0.117,740,2,6.5,13.2,4.9,0.18,739.702,1741.653,1205.3,608.694,0.23,0.222
18-Jun,T4,회천,3.1,,27.8,9.1,2.07,0.042,307,1.9,4.7,9.4,2.4,0.12,495.072,1301.16,791.585,414.97,0.151,0.12
18-Jun,T5,황강,1.7,,27.2,8.3,4.66,0.023,178,0.9,2.6,8.1,8.9,0.01,150.674,641.315,429.01,180.567,0.184,0.047
18-Jun,T6,밀양강3,2.3,,24.6,9.2,9.17,0.032,225,1.9,3.9,9.8,16.5,0.12,463.552,876.703,566.992,293.77,0.155,0.118
18-Jul,M1,안동호,2.3,,21,8.3,0.79,0.017,263,0.8,3.4,10.7,0.5,0.04,374.802,856.299,508.554,193.677,0.047,0.042
18-Jul,M2,임하호,3.6,,22,7.7,0.45,0.014,258,1.8,4.9,11.2,0.1,0.06,267.411,1638.993,936.402,426.685,0.1,0.123
18-Jul,M3,예천,4.2,,21.2,7.3,7.42,0.016,212,3,6,8.1,8.5,0.02,113.482,2267.947,1065.969,463.784,0.155,0.292
18-Jul,M4,상주,3.6,,22,7.6,5.05,0.018,198,2.3,5.6,8,7.4,0.03,68.061,1790.668,856.95,362.622,0.139,0.229
18-Jul,M5,낙단보,5.9,,21.9,7.5,24,0.012,164,5,8,8,20.4,0.01,137.657,3859.544,794.886,525.988,0.167,0.429
18-Jul,M6,해평,4.6,,22.2,7,22.1,0.018,898,3.9,7,11.5,46.4,0.03,250.674,2777.677,666.806,437.703,0.182,0.389
18-Jul,M7,구미,5.1,,22.6,7.6,25.2,0.021,180,4.1,7.3,8.2,22.4,0.09,197.164,3156.653,593.956,439.888,0.196,0.285
18-Jul,M8,왜관,5.7,,22.2,7.5,23.5,0.018,174,5.2,8.5,9.1,28,0.03,192.19,3733.969,816.086,530.869,0.228,0.514
18-Jul,M9,고령(취),5.7,,20.9,7.2,42.4,0.013,462,5.1,8.6,11.2,38.2,0.04,187.68,3503.957,817.852,481.636,0.23,0.551
18-Jul,M10,달성,5.7,,22,7.6,38.4,0.015,182,4.8,8.2,9.7,26,0.03,132.497,3541.497,861.832,483.357,0.197,0.445
18-Jul,M11,고령,5.1,,21.9,7.5,11.8,0.021,224,4,7.6,8.6,12,0.02,187.773,3280.538,657.973,503.208,0.2,0.361
18-Jul,M12,용산,5.1,,22.1,7.4,18.7,0.017,182,4,7.6,8.5,14.6,0.03,166.434,3376.864,609.391,483.264,0.203,0.368
18-Jul,M13,남지,4.1,,22.4,7.1,11.8,0.02,237,3.3,6.4,10.5,12.4,0.02,106.276,2145.703,882.055,393.166,0.2,0.33
18-Jul,M14,본포,3.8,,22.6,7.1,25.5,0.031,388,1.4,5.3,11,44,0.02,197.815,1802.974,857.973,356.392,0.148,0.18
18-Jul,M15,삼량진,4.6,,22.3,7.4,22.6,0.017,164,4.6,7.5,8.4,19,0.02,183.078,3129.783,668.247,487.959,0.19,0.341
18-Jul,M16,물금,4.6,,22.1,7.3,18.5,0.017,172,4.4,7.3,8,13,0.01,181.265,3049.174,626.546,464.342,0.201,0.313
18-Jul,M17,구포,4.6,,22.1,7.6,15.7,0.017,168,4,7,8.7,20,0.02,195.583,2982.435,622.362,437.657,0.174,0.299
18-Jul,M18,하구둑,3.6,,22.5,7.1,4.25,0.049,386,3.2,6.5,10.6,14,0.01,288.563,1535.447,835.425,429.242,0.116,0.164
18-Jul,T1,위천6,5,,22.1,7.6,7.37,0.018,242,4.3,7.3,7.7,8.9,0.03,117.713,2770.333,1157.927,509.437,0.157,0.343
18-Jul,T2,감천2-1,2.8,,20.6,7.7,4,0.023,246,1.4,4,8.4,8.6,0.01,52.999,1381.839,573.129,329.754,0.086,0.135
18-Jul,T3,금호강,4.2,,21.2,7.6,3.96,0.038,361,2.7,5.9,7.8,4.8,0.04,163.924,2058.63,984.286,445.002,0.16,0.213
18-Jul,T4,회천,5.5,,22.2,7.5,16,0.02,202,4.3,8.1,9.2,12.2,0.03,201.348,3438.5,650.86,500.418,0.166,0.401
18-Jul,T5,황강,2.2,,20.6,7.7,5.08,0.016,159,0.6,3,8.7,9.8,0.01,69.596,989.562,551.743,233.891,0.074,0.137
18-Jul,T6,밀양강3,2.2,,21.6,7.7,2.31,0.021,169,1.7,4.4,8.6,5.4,0.03,98.326,1055.607,542.306,335.751,0.081,0.123
18-Aug,M1,안동호,2.7,,30.5,9.1,0.83,0.018,202,0.7,5.1,10.3,0.8,0.04,627.894,886.455,579.498,191.864,0.042,0.049
18-Aug,M2,임하호,4.4,,31,8.8,1.16,0.016,359,1,6.9,9.8,1.8,0.1,363.784,2001.506,1102.139,361.227,0.123,0.164
18-Aug,M3,예천,3.7,,25.8,7.5,9.43,0.014,330,0.5,6.6,7.8,16.6,0.02,188.517,1810.2,779.172,305.951,0.292,0.18
18-Aug,M4,상주,2.7,,29.6,8.2,1.42,0.02,222,0.5,5.7,8.7,2,0.03,134.403,1136.498,568.573,232.775,0.229,0.099
18-Aug,M5,낙단보,3.8,,31,7.9,3.04,0.021,217,1.2,6.5,6.6,2.8,0.12,248.722,1737.171,757.694,330.172,0.429,0.15
18-Aug,M6,해평,3.4,,30.7,8.3,10.4,0.022,222,1.4,6.4,9.8,11.6,0.02,357.183,1362.691,665.365,312.413,0.389,0.197
18-Aug,M7,구미,3.7,,32.3,9,3.59,0.039,257,2,8,9.5,6,0.13,309.112,1439.996,700.279,324.919,0.285,0.166
18-Aug,M8,왜관,3.9,,30.4,8.5,5.46,0.057,290,2,7.1,7.8,6.8,0.18,282.427,1611.254,821.199,394.793,0.514,0.203
18-Aug,M9,고령(취),3.8,,29.8,8.1,4.06,0.061,302,0.5,8.9,9.8,4.4,0.04,389.261,2090.632,892.097,444.351,0.551,0.178
18-Aug,M10,달성,4.3,,29.9,8.6,4.89,0.062,296,1.5,7,8.4,6.8,0.15,296.885,2032.51,1048.907,433.519,0.445,0.235
18-Aug,M11,고령,4.7,,30.3,8.9,8.35,0.05,345,1.7,8.9,9.2,8.4,0.27,375.035,1948.825,983.682,437.517,0.361,0.233
18-Aug,M12,용산,5,,29.2,9.9,20.7,0.043,369,1.3,11.7,9.4,18.6,0.08,400.279,2077.519,929.01,474.57,0.368,0.038
18-Aug,M13,남지,4.4,,29.5,9.6,21.1,0.047,309,2.8,13.7,11,20.4,0.12,468.573,1863.48,916.876,446.118,0.33,0.03
18-Aug,M14,본포,4.7,,30,8.9,14,0.023,231,11.8,14.3,10.1,43,0.45,1568.945,2359.121,1469.084,993.305,0.18,0.036
18-Aug,M15,삼량진,4.5,,28.9,9.2,15.2,0.033,237,2.3,9.8,7.7,17.2,0.05,322.92,1974.344,781.172,388.145,0.341,0.019
18-Aug,M16,물금,4.8,,28.2,9.2,71.5,0.025,228,8.9,16.9,8,52.4,0.12,708.74,2124.613,1109.159,721.618,0.313,0.066
18-Aug,M17,구포,5,,26.2,8.8,27.5,0.036,236,9.2,14.4,7.4,33.6,0.22,435.797,2080.261,925.709,559.321,0.299,0.061
18-Aug,M18,하구둑,5.1,,30.2,9.3,16.1,0.099,313,1.8,11.1,10.2,10.8,0.19,443.654,2126.654,1078.103,603.394,0.164,0.034
18-Aug,T1,위천6,4.4,,32.2,8.9,7.22,0.023,247,1.8,9.4,9.4,8.6,0.12,444.119,1884.213,883.264,425.848,0.343,0.196
18-Aug,T2,감천2-1,2.7,,31.8,8.4,2.16,0.057,410,0.7,5.8,9.5,5.2,0.04,130.73,986.463,562.064,344.584,0.135,0.096
18-Aug,T3,금호강,5,,31.1,9.1,4.37,0.093,692,2,8,12.7,10.2,0.21,377.685,1952.081,1246.444,617.062,0.213,0.283
18-Aug,T4,회천,5.7,,30.6,9.7,280,0.041,406,13.6,60.9,14,148,0.29,6102.325,5525.961,5329.056,3806.741,0.401,0.082
18-Aug,T5,황강,2,,20.9,8.2,10.3,0.02,147,0.3,3.8,9,13.6,0.1,119.619,755.897,367.271,201.395,0.137,0.026
18-Aug,T6,밀양강3,3.4,,29.6,8.6,8.29,0.042,240,0.8,5.9,8.1,12,0.19,378.615,1109.074,558.066,331.102,0.123,0.041
